"","sector","religion","rates"
"1","RURAL","Buddhism",0.14987111118539
"2","RURAL","Christianity",0.0103254034395546
"3","RURAL","Hinduism",0.46481473268339
"4","RURAL","Islam",0.137557490209267
"5","RURAL","Jainism",0.111455808609943
"6","RURAL","Others",0.0564225099235491
"7","RURAL","Sikhism",0.0777733576371936
"8","URBAN","Christianity",0.139237450210463
"9","URBAN","Hinduism",0.47349098366864
"10","URBAN","Islam",0.302233212580076
"11","URBAN","Others",0.0932346516761526
