"","sector","religion","rates"
"1","RURAL","Buddhism",0.14516428034162
"2","RURAL","Christianity",0.0098327955486556
"3","RURAL","Hinduism",0.377417796768191
"4","RURAL","Islam",0.137061536162938
"5","RURAL","Jainism",0.180913715384079
"6","RURAL","Others",0.065281428867375
"7","RURAL","Sikhism",0.0857479205893052
"8","URBAN","Christianity",0.140788507923734
"9","URBAN","Hinduism",0.337918974783353
"10","URBAN","Islam",0.396321224052366
"11","URBAN","Others",0.125261623607568
