"","sector","religion","rates"
"1","RURAL","Buddhism",0.14204052546784
"2","RURAL","Christianity",0.0104721774693271
"3","RURAL","Hinduism",0.386572065931342
"4","RURAL","Islam",0.162380716321725
"5","RURAL","Jainism",0.135828479365473
"6","RURAL","Others",0.0506878175734292
"7","RURAL","Sikhism",0.112018217870864
"8","URBAN","Christianity",0.132471433500436
"9","URBAN","Hinduism",0.392015587262284
"10","URBAN","Islam",0.37624566174829
"11","URBAN","Others",0.0992673174889895
